,,Neutral_euclidean_distance,Neutral_euclidean_distance,Centroid_euclidean_distance,Centroid_euclidean_distance,Neutral_cosine_distance,Neutral_cosine_distance,Centroid_cosine_distance,Centroid_cosine_distance
,,mean,std,mean,std,mean,std,mean,std
Group,TargetEmotion,,,,,,,,
HC,Angry,4.8496010160869,1.399834837589828,4.499715940867946,1.3162398995848708,1.070904546610362,0.2561349051778216,0.6145854340693305,0.14195773464347672
HC,Fearful,5.092721396048619,1.7539475512053424,4.947225255105019,1.7119018191218311,1.0096577505159623,0.22289668493980933,0.7521739962591564,0.14166415070768654
HC,Happy,4.399311563724796,1.4575410996224591,3.860363505931626,1.4911526707842602,1.1141723990996801,0.19442012775786668,0.5022207996537248,0.1658614534973739
PT,Angry,5.27663824560549,1.6739843752521097,5.038954457386763,1.732055293177897,0.9828099339536756,0.16798551718887395,0.6921488206358504,0.19863692171855654
PT,Fearful,5.4738951611668005,2.068424169704832,5.353710565501338,1.9585540409080706,0.9676978385028862,0.3051823897626841,0.7797333717366834,0.22454743888215284
PT,Happy,4.793411594833301,1.5549028633524589,4.35565112861644,1.6190931920822764,1.0363994181715228,0.22771877591130346,0.5753965261522216,0.21393214984815231
