,,Neutral_euclidean_distance,Neutral_euclidean_distance,Centroid_euclidean_distance,Centroid_euclidean_distance,Neutral_cosine_distance,Neutral_cosine_distance,Centroid_cosine_distance,Centroid_cosine_distance
,,mean,std,mean,std,mean,std,mean,std
Group,TargetEmotion,,,,,,,,
HC,Angry,4.897951116906646,1.362946625331102,4.552008492688225,1.2730958316059768,1.011813987844464,0.23743836733123355,0.620501217629464,0.1481623055404415
HC,Fearful,5.1996113175639165,1.8961230189314142,5.013659123897422,1.8655147857868395,0.9190220959724714,0.18352184663337556,0.7219570404376794,0.1258498435502225
HC,Happy,4.4104602064947915,1.4660943516010185,3.831425575001945,1.5194276877282178,1.1918992234654289,0.20450951244849608,0.4842934380155852,0.17508960299717707
PT,Angry,5.501587060550717,1.7763919886894273,5.247667358170146,1.8109903461147603,1.0712647832429578,0.2068170932053482,0.6844128596292267,0.18901357380191128
PT,Fearful,5.490504431270521,2.06309294789334,5.387122224588682,1.9516515940641808,0.8273245319959001,0.1930115080648679,0.7924682152048719,0.2300727956907068
PT,Happy,4.651428901923059,1.5370539794115827,4.213025693343044,1.6117720881166613,1.1156680448152567,0.22915530959230226,0.5690550633592412,0.21061733461385165
